{
  "showtime": {
    "sounds": [
      "custom:voiceline1"]
        },
  "ambience": {
    "sounds": [
      "custom:voiceline2"]
        },
  "music_man": {
    "sounds": [
      "custom:voiceline3"]
        },
  "power_up": {
    "sounds": [
      "custom:voiceline4"]
        },
  "power_down": {
    "sounds": [
      "custom:voiceline5"]
        },
  "fnaf1_jumpscare": {
    "sounds": [
      "custom:voiceline6"]
        },
  "fnaf2_jumpscare": {
    "sounds": [
      "custom:voiceline7"]
        },
  "fnaf3_jumpscare": {
    "sounds": [
      "custom:voiceline8"]
        },
  "fnafsb_jumpscare": {
    "sounds": [
      "custom:voiceline9"]
        },
  "fredbear_jumpscare": {
    "sounds": [
      "custom:voiceline10"]
        },
  "golden_freddy_jumpscare": {
    "sounds": [
      "custom:voiceline11"]
        },
  "movie_jumpscare": {
    "sounds": [
      "custom:voiceline12"]
        },
  "popgoes_jumpscare": {
    "sounds": [
      "custom:voiceline13"]
        },
  "candy_jumpscare": {
    "sounds": [
      "custom:voiceline14"]
        },
  "jollibee_jumpscare": {
    "sounds": [
      "custom:voiceline15"]
        },
  "buzzer": {
    "sounds": [
      "custom:voiceline16"]
        }
} 